{
  "version": 1,
  "author": "Uri Shaked",
  "editor": "wokwi",
  "parts": [
    { "type": "board-esp32-devkit-c-v4", "id": "esp", "top": -105.6, "left": 52.84, "attrs": {} },
    {
      "type": "wokwi-dht22",
      "id": "dht1",
      "top": -95.7,
      "left": 186.6,
      "attrs": { "temperature": "38.3", "humidity": "21.5" }
    },
    { "type": "wokwi-gas-sensor", "id": "gas1", "top": 2.7, "left": -127.4, "attrs": {} }
  ],
  "connections": [
    [ "esp:TX", "$serialMonitor:RX", "", [] ],
    [ "esp:RX", "$serialMonitor:TX", "", [] ],
    [ "dht1:VCC", "esp:3V3", "red", [ "v109.3", "h-170.36", "v-200.78" ] ],
    [ "dht1:SDA", "esp:15", "green", [ "v0" ] ],
    [ "dht1:GND", "esp:GND.1", "black", [ "v99.7", "h-189.56", "v-66.38" ] ],
    [ "gas1:VCC", "esp:5V", "red", [ "h0" ] ],
    [ "gas1:GND", "esp:GND.2", "black", [ "h0" ] ],
    [ "gas1:AOUT", "esp:32", "green", [ "h0" ] ]
  ],
  "dependencies": {}
}